INSERT INTO number (value)
VALUES (1),
       (2),
       (3),
       (4),
       (5),
       (6),
       (7),
       (8),
       (9),
       (10),
       (11),
       (12),
       (13),
       (14),
       (15),
       (16),
       (17),
       (18),
       (19),
       (20);

INSERT INTO street (name)
VALUES ('Шевченка'),
       ('Лесі Українки'),
       ('Гагаріна'),
       ('Бандери'),
       ('Садова'),
       ('Героїв Майдану'),
       ('Грушевського'),
       ('Сагайдачного'),
       ('Івана Франка'),
       ('Лютеранська'),
       ('Сумська'),
       ('Проскурівська'),
       ('Харківська'),
       ('Богдана Хмельницького'),
       ('Львівська'),
       ('Грушевського'),
       ('Володимирська'),
       ('Театральна'),
       ('Паустовського');

INSERT INTO city (name)
VALUES ('Київ'),
       ('Харків'),
       ('Одеса'),
       ('Дніпро'),
       ('Львів'),
       ('Запоріжжя'),
       ('Івано-Франківськ'),
       ('Херсон'),
       ('Чернівці'),
       ('Тернопіль');
-- 2 addresses for each city
INSERT INTO address (city_id, street_id, number_id)
VALUES (1, 1, 1),
       (2, 2, 2),
       (3, 3, 3),
       (4, 4, 4),
       (5, 5, 5),
       (1, 6, 6),
       (2, 7, 7),
       (3, 8, 8),
       (4, 9, 9),
       (5, 10, 10),
       (6, 11, 11),
       (7, 12, 12),
       (8, 13, 13),
       (9, 14, 14),
       (10, 15, 15),
       (6, 16, 16),
       (7, 17, 17),
       (8, 18, 18),
       (9, 19, 19),
       (10, 19, 20);
-- 12 shops t0 10 cities(Kyiv has 2 ships and Lviv has two shops)
INSERT INTO shop (address_id)
VALUES (1),
       (6),
       (2),
       (3),
       (4),
       (5),
       (10),
       (11),
       (12),
       (13),
       (14),
       (15);

INSERT INTO product_category (name)
VALUES ('Будівельні матеріали'),
       ('Електроінструменти'),
       ('Садові інструменти'),
       ('Освітлення'),
       ('Сантехніка'),
       ('Будівельні блоки'),
       ('Меблі для вітальні'),
       ('Побутова техніка'),
       ('Мистецтво та декор'),
       ('Інструменти для ремонту'),
       ('Електроніка'),
       ('Спортивні товари'),
       ('М''які меблі'),
       ('Пилососи та прилади для прибирання'),
       ('Аксесуари для кухні'),
       ('Живопис та графіка'),
       ('Спальні меблі'),
       ('Офісні прилади'),
       ('Сумки та кейси'),
       ('Лампи та світильники');

INSERT INTO product (name, category_id)
VALUES ('Фарба "Кольорова радуга"', 1),
       ('Дриль "ЕлектроМайстер"', 2),
       ('Газонокосарка "Зелений світ"', 3),
       ('Люстра "Сяйво"', 4),
       ('Умивальник "Комфорт"', 5),
       ('Цегла "Будівельна"', 6),
       ('Диван "Затишок"', 7),
       ('Пилосос "Чистота"', 8),
       ('Картина "Абстракція"', 9),
       ('Гайковерт "Майстер"', 10),
       ('Комп''ютер "Інтелект"', 11),
       ('Смартфон "Камертон"', 11),
       ('Холодильник "Мороз"', 8),
       ('Міксер "Смак"', 8),
       ('Книжка "Знання"', 9),
       ('Футбольний м''яч "Спорт"', 12),
       ('Велосипед "Швидкість"', 12),
       ('Кавоварка "Арома"', 8),
       ('Годинник "Час"', 9),
       ('Сонцезахисні окуляри "Захист"', 9),
       ('Молоток "Робота"', 10),
       ('Подушка "М''якість"', 9),
       ('Спальний мішок "Тепло"', 12),
       ('М''яч для гольфу "Гра"', 12),
       ('Монітор "Відображення"', 11),
       ('Сумка "Модна"', 19),
       ('Лампочка "Світло"', 20),
       ('Садовий насос "Полив"', 3),
       ('Малярний валик "Фарба"', 16),
       ('Ноутбук "Мобільність"', 11),
       ('Тример "Стрижка"', 8),
       ('Мішок для сміття "Чистота"', 15),
       ('Дитячий велосипед "Радість"', 12),
       ('Телефон "Зв''язок"', 11),
       ('Тостер "Смаження"', 8),
       ('Стілець "Комфорт"', 17),
       ('Рюкзак "Подорожі"', 12),
       ('Книжкова полиця "Освіта"', 7),
       ('Фен "Волосся"', 8),
       ('Шафа "Зберігання"', 17),
       ('Вакуумний пилосос "Прибирання"', 14),
       ('Подушечка "Сон"', 9),
       ('Столові ложки "Їжа"', 15),
       ('Спальний комплект "Затишок"', 9),
       ('Термос "Гаряче"', 15),
       ('Магніт для холодильника "Прикраса"', 15),
       ('Сумка для ноутбука "Мобільність"', 19),
       ('Водяний фільтр "Чиста вода"', 15),
       ('Пенал "Навчання"', 19),
       ('Гаманець "Гроші"', 19),
       ('Декоративна подушка "Естетика"', 9),
       ('Ліжко "Спокій"', 13),
       ('Блендер "Змішування"', 8),
       ('Кондиціонер "Прохолод', 11);
